TokenID,Owner,Buyer
1,0xG,0xM
2,0xF,0xI
3,0xG,0xO
4,0xD,0xP
5,0xB,0xP
6,0xE,0xM
7,0xC,0xJ
8,0xA,0xP
9,0xH,0xP
10,0xF,0xM
11,0xF,0xI
12,0xF,0xM
13,0xG,0xO
14,0xA,0xP
15,0xH,0xO
16,0xC,0xP
17,0xH,0xL
18,0xF,0xN
19,0xF,0xM
20,0xF,0xN
21,0xE,0xO
22,0xA,0xM
23,0xG,0xK
24,0xC,0xP
25,0xB,0xN
26,0xF,0xP
27,0xG,0xK
28,0xH,0xL
29,0xC,0xI
30,0xA,0xO
31,0xB,0xJ
32,0xC,0xK
33,0xE,0xP
34,0xA,0xL
35,0xB,0xK
36,0xG,0xJ
37,0xF,0xP
38,0xB,0xJ
39,0xD,0xI
40,0xE,0xN
41,0xG,0xM
42,0xD,0xJ
43,0xG,0xK
44,0xC,0xN
45,0xH,0xJ
46,0xC,0xO
47,0xF,0xO
48,0xD,0xK
49,0xG,0xI
50,0xF,0xO
51,0xE,0xP
52,0xB,0xJ
53,0xA,0xI
54,0xD,0xN
55,0xF,0xK
56,0xA,0xN
57,0xG,0xL
58,0xC,0xO
59,0xC,0xI
60,0xH,0xK
61,0xH,0xK
62,0xF,0xO
63,0xB,0xN
64,0xA,0xN
65,0xH,0xM
66,0xH,0xO
67,0xC,0xM
68,0xD,0xJ
69,0xD,0xP
70,0xA,0xJ
71,0xA,0xN
72,0xG,0xJ
73,0xC,0xP
74,0xE,0xJ
75,0xG,0xK
76,0xF,0xJ
77,0xG,0xN
78,0xB,0xK
79,0xG,0xM
80,0xE,0xK
81,0xF,0xP
82,0xA,0xO
83,0xF,0xO
84,0xH,0xK
85,0xB,0xO
86,0xC,0xI
87,0xF,0xK
88,0xD,0xJ
89,0xG,0xN
90,0xD,0xM
91,0xB,0xJ
92,0xH,0xL
93,0xE,0xI
94,0xC,0xN
95,0xD,0xN
96,0xC,0xP
97,0xB,0xN
98,0xG,0xL
99,0xB,0xM
100,0xE,0xN
